Tag Name,Address,Data Type,Respect Data Type,Client Access,Scan Rate,Scaling,Raw Low,Raw High,Scaled Low,Scaled High,Scaled Data Type,Clamp Low,Clamp High,Eng Units,Description,Negate Value
"A_CUT_CONTROL","IX66.3",Boolean,1,R/W,100,,,,,,,,,,"",
"A_MASK_IN","IX2.4",Boolean,1,R/W,100,,,,,,,,,,"",
"A_ZONE_Enable","QX64.0",Boolean,1,R/W,100,,,,,,,,,,"",
"A_Zone_fireOff","MX5.5",Boolean,1,R/W,100,,,,,,,,,,"",
"Air_Valve_OUT","QX8.4",Boolean,1,R/W,100,,,,,,,,,,"空气阀输出",
"Alarm Silen Bit","MX0.3",Boolean,1,R/W,100,,,,,,,,,,"",
"ALarm_Reset","QX8.3",Boolean,1,R/W,100,,,,,,,,,,"故障复位",
"Alarm_Robot_InterStop","MX4.6",Boolean,1,R/W,100,,,,,,,,,,"",
"A面防错","MX3.6",Boolean,1,R/W,100,,,,,,,,,,"选择开关与实际传感器匹配",
"A转台到位","MX300.0",Boolean,1,R/W,100,,,,,,,,,,"",
"B_CUT_CONTROL","IX66.4",Boolean,1,R/W,100,,,,,,,,,,"",
"B_MASK_IN","IX2.5",Boolean,1,R/W,100,,,,,,,,,,"",
"B_ZONE_ENABLE","QX64.1",Boolean,1,R/W,100,,,,,,,,,,"",
"B_Zone_fireOff","MX5.4",Boolean,1,R/W,100,,,,,,,,,,"",
"Burner ON","IX0.0",Boolean,1,R/W,100,,,,,,,,,,"燃烧器已运行",
"burner on/off","QX8.0",Boolean,1,R/W,100,,,,,,,,,,"燃烧器启停指令输出",
"BUZZ","QX8.2",Boolean,1,R/W,100,,,,,,,,,,"报警蜂鸣器",
"buzzer","QX8.7",Boolean,1,R/W,100,,,,,,,,,,"蜂鸣器",
"BW_Interrupt","MX301.1",Boolean,1,R/W,100,,,,,,,,,,"",
"Bypass_Valve","QX8.5",Boolean,1,R/W,100,,,,,,,,,,"旁通电磁阀",
"B面防错","MX3.7",Boolean,1,R/W,100,,,,,,,,,,"选择开关与实际传感器匹配",
"B转台到位","MX300.1",Boolean,1,R/W,100,,,,,,,,,,"",
"Choose_A_1","MX3.0",Boolean,1,R/W,100,,,,,,,,,,"选择A面传感器1",
"Choose_A_2","MX3.1",Boolean,1,R/W,100,,,,,,,,,,"选择A面传感器2",
"Choose_A_3","MX3.2",Boolean,1,R/W,100,,,,,,,,,,"选择A面传感器3",
"Choose_B_1","MX3.3",Boolean,1,R/W,100,,,,,,,,,,"选择B面传感器1",
"Choose_B_2","MX3.4",Boolean,1,R/W,100,,,,,,,,,,"选择B面传感器2",
"Choose_B_3","MX3.5",Boolean,1,R/W,100,,,,,,,,,,"选择B面传感器3",
"DI_A_MASK_IN_OK","IX3.7",Boolean,1,R/W,100,,,,,,,,,,"",
"DI_A_MASK_OUT_OK","IX5.0",Boolean,1,R/W,100,,,,,,,,,,"",
"DI_A_Platform_Limit","IX6.0",Boolean,1,R/W,100,,,,,,,,,,"",
"DI_A_Platform_Slow","IX6.1",Boolean,1,R/W,100,,,,,,,,,,"",
"DI_B_MASK_IN_OK","IX4.7",Boolean,1,R/W,100,,,,,,,,,,"",
"DI_B_MASK_OUT_OK","IX5.7",Boolean,1,R/W,100,,,,,,,,,,"",
"DI_B_Platform_Limit","IX6.2",Boolean,1,R/W,100,,,,,,,,,,"",
"DI_B_Platform_Slow","IX6.3",Boolean,1,R/W,100,,,,,,,,,,"",
"DI_Button_FireOn","IX2.3",Boolean,1,R/W,100,,,,,,,,,,"",
"DI_Pin_In","IX6.4",Boolean,1,R/W,100,,,,,,,,,,"",
"DI_Pin_Out","IX6.5",Boolean,1,R/W,100,,,,,,,,,,"",
"DI_Platform_Start","IX2.1",Boolean,1,R/W,100,,,,,,,,,,"",
"DI_VFD_Fault","IX6.6",Boolean,1,R/W,100,,,,,,,,,,"",
"DI_VFD_Running","IX6.7",Boolean,1,R/W,100,,,,,,,,,,"",
"DO_A_CUT_IN","QX11.0",Boolean,1,R/W,100,,,,,,,,,,"",
"DO_A_CUT_OUT","QX11.1",Boolean,1,R/W,100,,,,,,,,,,"",
"DO_A_MASK_IN","QX11.2",Boolean,1,R/W,100,,,,,,,,,,"",
"DO_A_MASK_OUT","QX11.3",Boolean,1,R/W,100,,,,,,,,,,"",
"DO_B_CUT_IN","QX11.4",Boolean,1,R/W,100,,,,,,,,,,"",
"DO_B_CUT_OUT","QX11.5",Boolean,1,R/W,100,,,,,,,,,,"",
"DO_B_MASK_IN","QX11.6",Boolean,1,R/W,100,,,,,,,,,,"",
"DO_B_MASK_OUT","QX11.7",Boolean,1,R/W,100,,,,,,,,,,"",
"DO_Light_G_A","QX10.1",Boolean,1,R/W,100,,,,,,,,,,"",
"DO_Light_R","QX10.3",Boolean,1,R/W,100,,,,,,,,,,"",
"DO_Light_Y_A","QX10.2",Boolean,1,R/W,100,,,,,,,,,,"",
"DO_Light_Y_B","QX10.4",Boolean,1,R/W,100,,,,,,,,,,"",
"DO_Pin_In","QX9.6",Boolean,1,R/W,100,,,,,,,,,,"",
"DO_Pin_Out","QX9.7",Boolean,1,R/W,100,,,,,,,,,,"",
"DO_Platform_ALimit","QX9.4",Boolean,1,R/W,100,,,,,,,,,,"",
"DO_Platform_BLimit","QX9.5",Boolean,1,R/W,100,,,,,,,,,,"",
"DO_Platform_BW","QX9.3",Boolean,1,R/W,100,,,,,,,,,,"",
"DO_Platform_BWSlow","QX9.2",Boolean,1,R/W,100,,,,,,,,,,"",
"DO_Platform_FW","QX9.0",Boolean,1,R/W,100,,,,,,,,,,"",
"DO_Platform_FWSlow","QX9.1",Boolean,1,R/W,100,,,,,,,,,,"",
"energy_lock","IX1.0",Boolean,1,R/W,100,,,,,,,,,,"能源锁",
"flameout","IX0.1",Boolean,1,R/W,100,,,,,,,,,,"熄火报警",
"FW_Interrupt","MX301.0",Boolean,1,R/W,100,,,,,,,,,,"",
"gas leakage alarm","IX0.2",Boolean,1,R/W,100,,,,,,,,,,"泄漏报警",
"GreenLight","IX12.0",Boolean,1,R/W,100,,,,,,,,,,"设备三色灯绿灯",
"HMI_A_CUT_CONTROL","MX8.0",Boolean,1,R/W,100,,,,,,,,,,"",
"HMI_A_MASK_CONTROL","MX8.2",Boolean,1,R/W,100,,,,,,,,,,"",
"HMI_B_CUT_CONTROL","MX8.1",Boolean,1,R/W,100,,,,,,,,,,"",
"HMI_B_MASK_CONTROL","MX8.3",Boolean,1,R/W,100,,,,,,,,,,"",
"I65_4","IX65.4",Boolean,1,R/W,100,,,,,,,,,,"机器人HOME",
"I7_0","IX7.0",Boolean,1,R/W,100,,,,,,,,,,"升到位",
"I7_1","IX7.1",Boolean,1,R/W,100,,,,,,,,,,"将到位",
"Interlock_proven","QX8.1",Boolean,1,R/W,100,,,,,,,,,,"连锁通过",
"interlocks proven","IX0.3",Boolean,1,R/W,100,,,,,,,,,,"连锁通过",
"Light_G_OFF","MX4.5",Boolean,1,R/W,100,,,,,,,,,,"运行指示灯",
"Light_G_OFF_B","MX4.4",Boolean,1,R/W,100,,,,,,,,,,"",
"Light_Green","QX12.0",Boolean,1,R/W,100,,,,,,,,,,"声光报警绿灯 on",
"LightBar","MX6.2",Boolean,1,R/W,100,,,,,,,,,,"光栅",
"LightBarrier","IX2.7",Boolean,1,R/W,100,,,,,,,,,,"光栅",
"M2_0","MX2.0",Boolean,1,R/W,100,,,,,,,,,,"工件计数清零",
"M200_0","MX200.0",Boolean,1,R/W,100,,,,,,,,,,"机器人hmoe",
"M400_0","MX400.0",Boolean,1,R/W,100,,,,,,,,,,"B面启动",
"M6_0","MX6.0",Boolean,1,R/W,100,,,,,,,,,,"A面到位脉冲",
"M6_1","MX6.1",Boolean,1,R/W,100,,,,,,,,,,"B面到位脉冲",
"main valve open","IX1.3",Boolean,1,R/W,100,,,,,,,,,,"主阀已输出",
"MainValve","IX0.4",Boolean,1,R/W,100,,,,,,,,,,"主阀开启输入",
"MASK_A_CONTROL","IX66.0",Boolean,1,R/W,100,,,,,,,,,,"",
"MASK_B_CONTROL","IX66.1",Boolean,1,R/W,100,,,,,,,,,,"",
"MD62","MDINT62",Long,1,R/W,100,,,,,,,,,,"工件计数",
"MD74","MDINT74",Long,1,R/W,100,,,,,,,,,,"A面计数累积",
"Mix gas temp hi AL","QX8.6",Boolean,1,R/W,100,,,,,,,,,,"混合气温度高",
"PLC_A_MASK_CONTROL","MX9.0",Boolean,1,R/W,100,,,,,,,,,,"",
"PLC_B_MASK_CONTROL","MX9.1",Boolean,1,R/W,100,,,,,,,,,,"",
"Q13_0","QX13.0",Boolean,1,R/W,100,,,,,,,,,,"上升",
"Q13_1","QX13.1",Boolean,1,R/W,100,,,,,,,,,,"下降",
"Q13_2","QX13.2",Boolean,1,R/W,100,,,,,,,,,,"剪刀",
"Q13_3","QX13.3",Boolean,1,R/W,100,,,,,,,,,,"上升B",
"Q13_4","QX13.4",Boolean,1,R/W,100,,,,,,,,,,"下降B",
"Q13_5","QX13.5",Boolean,1,R/W,100,,,,,,,,,,"剪刀B",
"Q60_0","QX60.0",Boolean,1,R/W,100,,,,,,,,,,"RB_UI1",
"Q60_2","QX60.2",Boolean,1,R/W,100,,,,,,,,,,"RB_UI3",
"Q60_5","QX60.5",Boolean,1,R/W,100,,,,,,,,,,"机器人启动",
"Q60_7","QX60.7",Boolean,1,R/W,100,,,,,,,,,,"RB_UI8",
"RedLight","IX12.2",Boolean,1,R/W,100,,,,,,,,,,"设备三色灯红灯",
"remote mainflame","IX1.1",Boolean,1,R/W,100,,,,,,,,,,"远程大火",
"remote reset","IX1.4",Boolean,1,R/W,100,,,,,,,,,,"远程复位",
"Remote start/stop","IX1.2",Boolean,1,R/W,100,,,,,,,,,,"远程启停",
"Remote_StartButt_FireOn","MX5.7",Boolean,1,R/W,100,,,,,,,,,,"",
"reserve","QX63.7",Boolean,1,R/W,100,,,,,,,,,,"",
"ResetButton_RB","IX2.2",Boolean,1,R/W,100,,,,,,,,,,"",
"Rob_Home_Confirm","QX64.3",Boolean,1,R/W,100,,,,,,,,,,"",
"Robot_A_Finish","IX63.6",Boolean,1,R/W,100,,,,,,,,,,"",
"Robot_A_Pre_Start","MX5.1",Boolean,1,R/W,100,,,,,,,,,,"",
"Robot_A_Zone_Off","IX65.0",Boolean,1,R/W,100,,,,,,,,,,"",
"Robot_A_Zone_On","IX64.7",Boolean,1,R/W,100,,,,,,,,,,"",
"Robot_Alarm","MX4.7",Boolean,1,R/W,100,,,,,,,,,,"",
"Robot_B_Finish","IX63.7",Boolean,1,R/W,100,,,,,,,,,,"",
"Robot_B_Pre_Start","MX5.2",Boolean,1,R/W,100,,,,,,,,,,"",
"Robot_B_Zone_Off","IX65.2",Boolean,1,R/W,100,,,,,,,,,,"",
"Robot_B_Zone_On","IX65.1",Boolean,1,R/W,100,,,,,,,,,,"",
"Robot_enabled","IX60.0",Boolean,1,R/W,100,,,,,,,,,,"机器人远程允许",
"Robot_Fire_big","IX64.5",Boolean,1,R/W,100,,,,,,,,,,"",
"Robot_Fire_Middle","IX64.4",Boolean,1,R/W,100,,,,,,,,,,"",
"Robot_Fire_Small","IX64.3",Boolean,1,R/W,100,,,,,,,,,,"",
"Robot_Home_PN_Pluse","MX5.0",Boolean,1,R/W,100,,,,,,,,,,"",
"Robot_HomePosition","IX63.5",Boolean,1,R/W,100,,,,,,,,,,"",
"Robot_Ready","IX60.1",Boolean,1,R/W,100,,,,,,,,,,"Robot System ready",
"Robot_Space_A","IX64.0",Boolean,1,R/W,100,,,,,,,,,,"",
"Robot_Space_B","IX64.1",Boolean,1,R/W,100,,,,,,,,,,"",
"Robot_Table_A_sensor1","QX63.0",Boolean,1,R/W,100,,,,,,,,,,"A面工件感应1 to Robot",
"Robot_Table_A_sensor2","QX63.1",Boolean,1,R/W,100,,,,,,,,,,"A面工件感应2 to Robot",
"Robot_Table_A_sensor3","QX63.2",Boolean,1,R/W,100,,,,,,,,,,"A面工件感应3 to Robot",
"Robot_Table_B_sensor1","QX63.3",Boolean,1,R/W,100,,,,,,,,,,"B面工件感应1 to Robot",
"Robot_Table_B_sensor2","QX63.4",Boolean,1,R/W,100,,,,,,,,,,"B面工件感应2 to Robot",
"Robot_Table_B_sensor3","QX63.5",Boolean,1,R/W,100,,,,,,,,,,"B面工件感应3 to Robot",
"Robot_UI_HOLD","QX60.1",Boolean,1,R/W,100,,,,,,,,,,"",
"Robot_UI_PNS Strobe","QX62.0",Boolean,1,R/W,100,,,,,,,,,,"",
"Robot_UI_Prod start","QX62.1",Boolean,1,R/W,100,,,,,,,,,,"",
"Robot_UO_Prg running","IX60.2",Boolean,1,R/W,100,,,,,,,,,,"",
"RobotAlarm_Interlock_OK","QX10.6",Boolean,1,R/W,100,,,,,,,,,,"",
"RUNNING_Light","QX10.0",Boolean,1,R/W,100,,,,,,,,,,"",
"Safety_Relay","IX2.6",Boolean,1,R/W,100,,,,,,,,,,"安全继电器",
"start","IX0.5",Boolean,1,R/W,100,,,,,,,,,,"控制柜启动按钮",
"StartButton_RB","IX2.0",Boolean,1,R/W,100,,,,,,,,,,"",
"StartButtonOn_A","MX4.0",Boolean,1,R/W,100,,,,,,,,,,"",
"StartButtonOn_B","MX4.1",Boolean,1,R/W,100,,,,,,,,,,"",
"Stop","IX0.6",Boolean,1,R/W,100,,,,,,,,,,"停止按钮",
"StopButt_FireOff","MX5.6",Boolean,1,R/W,100,,,,,,,,,,"",
"Table_A_Sensor1","IX5.1",Boolean,1,R/W,100,,,,,,,,,,"A面工件感应1",
"Table_A_Sensor2","IX5.2",Boolean,1,R/W,100,,,,,,,,,,"A面工件感应2",
"Table_A_Sensor3","IX5.3",Boolean,1,R/W,100,,,,,,,,,,"A面工件感应3",
"Table_B_Sensor1","IX5.4",Boolean,1,R/W,100,,,,,,,,,,"B面工件感应1",
"Table_B_Sensor2","IX5.5",Boolean,1,R/W,100,,,,,,,,,,"B面工件感应2",
"Table_B_Sensor3","IX5.6",Boolean,1,R/W,100,,,,,,,,,,"B面工件感应3",
"TEMP1","MX7.0",Boolean,1,R/W,100,,,,,,,,,,"",
"TEMP2","MX7.1",Boolean,1,R/W,100,,,,,,,,,,"",
"UO_Robot_Fault","IX60.5",Boolean,1,R/W,100,,,,,,,,,,"",
"YellowLight","IX12.1",Boolean,1,R/W,100,,,,,,,,,,"设备三色灯黄灯",
"ZD_Control","QX10.5",Boolean,1,R/W,100,,,,,,,,,,"",
"报警中继","MX2.2",Boolean,1,R/W,100,,,,,,,,,,"报警中继",
"混合气温度","PIWORD330",Word,1,R/W,100,,,,,,,,,,"",
"混合气压力","PIWORD328",Word,1,R/W,100,,,,,,,,,,"",
"空气流量反馈","PIWORD326",Word,1,R/W,100,,,,,,,,,,"",
"空气流量输出","PQWORD338",Word,1,R/W,100,,,,,,,,,,"",
"空气压力","PIWORD320",Word,1,R/W,100,,,,,,,,,,"",
"燃气流量反馈","PIWORD324",Word,1,R/W,100,,,,,,,,,,"",
"燃气压力","PIWORD322",Word,1,R/W,100,,,,,,,,,,"",
"天然气流量输出","PQWORD336",Word,1,R/W,100,,,,,,,,,,"",
"消音","IX0.7",Boolean,1,R/W,100,,,,,,,,,,"",
"dbMES_PokeYoke_Trace.ControlData.Barcode01","DB1001,STRING10.30",String,1,R/W,100,,,,,,,,,,"for part",
"dbMES_PokeYoke_Trace.ControlData.Barcode02","DB1001,STRING42.30",String,1,R/W,100,,,,,,,,,,"for part",
"dbMES_PokeYoke_Trace.ControlData.Barcode03","DB1001,STRING74.30",String,1,R/W,100,,,,,,,,,,"for part",
"dbMES_PokeYoke_Trace.ControlData.Barcode04","DB1001,STRING106.30",String,1,R/W,100,,,,,,,,,,"for part",
"dbMES_PokeYoke_Trace.ControlData.Barcode05","DB1001,STRING138.30",String,1,R/W,100,,,,,,,,,,"for part",
"dbMES_PokeYoke_Trace.ControlData.Barcode06","DB1001,STRING170.30",String,1,R/W,100,,,,,,,,,,"for part",
"dbMES_PokeYoke_Trace.ControlData.Barcode07","DB1001,STRING202.30",String,1,R/W,100,,,,,,,,,,"Only for material",
"dbMES_PokeYoke_Trace.ControlData.Barcode08","DB1001,STRING234.30",String,1,R/W,100,,,,,,,,,,"Only for material",
"dbMES_PokeYoke_Trace.ControlData.Barcode09","DB1001,STRING266.30",String,1,R/W,100,,,,,,,,,,"Only for material",
"dbMES_PokeYoke_Trace.ControlData.Barcode10","DB1001,STRING298.30",String,1,R/W,100,,,,,,,,,,"return barocde",
"dbMES_PokeYoke_Trace.ControlData.boMes_ACK","DB1001,X348.2",Boolean,1,R/W,100,,,,,,,,,,"",
"dbMES_PokeYoke_Trace.ControlData.boPart_NOK","DB1001,X348.3",Boolean,1,R/W,100,,,,,,,,,,"",
"dbMES_PokeYoke_Trace.ControlData.boPart_OK","DB1001,X348.0",Boolean,1,R/W,100,,,,,,,,,,"",
"dbMES_PokeYoke_Trace.ControlData.boProduct_Finish","DB1001,X348.1",Boolean,1,R/W,100,,,,,,,,,,"",
"dbMES_PokeYoke_Trace.ControlData.boRelease","DB1001,X338.0",Boolean,1,R/W,100,,,,,,,,,,"",
"dbMES_PokeYoke_Trace.ControlData.boRequest","DB1001,X330.0",Boolean,1,R/W,100,,,,,,,,,,"Request for Trigger MES check barcode",
"dbMES_PokeYoke_Trace.ControlData.iCavity","DB1001,INT336",Short,1,R/W,100,,,,,,,,,,"",
"dbMES_PokeYoke_Trace.ControlData.iMes_Step","DB1001,INT452",Short,1,R/W,100,,,,,,,,,,"",
"dbMES_PokeYoke_Trace.ControlData.iMes_Variant","DB1001,INT340",Short,1,R/W,100,,,,,,,,,,"MES Feed back finial program number",
"dbMES_PokeYoke_Trace.ControlData.iNOKCause","DB1001,INT346",Short,1,R/W,100,,,,,,,,,,"NOK Cause",
"dbMES_PokeYoke_Trace.ControlData.iProcessStatus","DB1001,INT344",Short,1,R/W,100,,,,,,,,,,"part result flag",
"dbMES_PokeYoke_Trace.ControlData.iStatus","DB1001,INT342",Short,1,R/W,100,,,,,,,,,,"MES feed back MES barcode check result",
"dbMES_PokeYoke_Trace.ControlData.iToolNO","DB1001,INT334",Short,1,R/W,100,,,,,,,,,,"",
"dbMES_PokeYoke_Trace.ControlData.iVariant","DB1001,INT332",Short,1,R/W,100,,,,,,,,,,"",
"dbMES_PokeYoke_Trace.ControlData.sError_message","DB1001,STRING350.100",String,1,R/W,100,,,,,,,,,,"",
"dbMES_PokeYoke_Trace.ControlData.Standby1","DB1001,BYTE454[46]",Byte Array,1,R/W,100,,,,,,,,,,"sure finish at 438",
"dbMES_PokeYoke_Trace.ControlData.Standby1[1]","DB1001,BYTE454",Byte,1,R/W,100,,,,,,,,,,"sure finish at 438",
"dbMES_PokeYoke_Trace.ControlData.Standby1[10]","DB1001,BYTE463",Byte,1,R/W,100,,,,,,,,,,"sure finish at 438",
"dbMES_PokeYoke_Trace.ControlData.Standby1[11]","DB1001,BYTE464",Byte,1,R/W,100,,,,,,,,,,"sure finish at 438",
"dbMES_PokeYoke_Trace.ControlData.Standby1[12]","DB1001,BYTE465",Byte,1,R/W,100,,,,,,,,,,"sure finish at 438",
"dbMES_PokeYoke_Trace.ControlData.Standby1[13]","DB1001,BYTE466",Byte,1,R/W,100,,,,,,,,,,"sure finish at 438",
"dbMES_PokeYoke_Trace.ControlData.Standby1[14]","DB1001,BYTE467",Byte,1,R/W,100,,,,,,,,,,"sure finish at 438",
"dbMES_PokeYoke_Trace.ControlData.Standby1[15]","DB1001,BYTE468",Byte,1,R/W,100,,,,,,,,,,"sure finish at 438",
"dbMES_PokeYoke_Trace.ControlData.Standby1[16]","DB1001,BYTE469",Byte,1,R/W,100,,,,,,,,,,"sure finish at 438",
"dbMES_PokeYoke_Trace.ControlData.Standby1[17]","DB1001,BYTE470",Byte,1,R/W,100,,,,,,,,,,"sure finish at 438",
"dbMES_PokeYoke_Trace.ControlData.Standby1[18]","DB1001,BYTE471",Byte,1,R/W,100,,,,,,,,,,"sure finish at 438",
"dbMES_PokeYoke_Trace.ControlData.Standby1[19]","DB1001,BYTE472",Byte,1,R/W,100,,,,,,,,,,"sure finish at 438",
"dbMES_PokeYoke_Trace.ControlData.Standby1[2]","DB1001,BYTE455",Byte,1,R/W,100,,,,,,,,,,"sure finish at 438",
"dbMES_PokeYoke_Trace.ControlData.Standby1[20]","DB1001,BYTE473",Byte,1,R/W,100,,,,,,,,,,"sure finish at 438",
"dbMES_PokeYoke_Trace.ControlData.Standby1[21]","DB1001,BYTE474",Byte,1,R/W,100,,,,,,,,,,"sure finish at 438",
"dbMES_PokeYoke_Trace.ControlData.Standby1[22]","DB1001,BYTE475",Byte,1,R/W,100,,,,,,,,,,"sure finish at 438",
"dbMES_PokeYoke_Trace.ControlData.Standby1[23]","DB1001,BYTE476",Byte,1,R/W,100,,,,,,,,,,"sure finish at 438",
"dbMES_PokeYoke_Trace.ControlData.Standby1[24]","DB1001,BYTE477",Byte,1,R/W,100,,,,,,,,,,"sure finish at 438",
"dbMES_PokeYoke_Trace.ControlData.Standby1[25]","DB1001,BYTE478",Byte,1,R/W,100,,,,,,,,,,"sure finish at 438",
"dbMES_PokeYoke_Trace.ControlData.Standby1[26]","DB1001,BYTE479",Byte,1,R/W,100,,,,,,,,,,"sure finish at 438",
"dbMES_PokeYoke_Trace.ControlData.Standby1[27]","DB1001,BYTE480",Byte,1,R/W,100,,,,,,,,,,"sure finish at 438",
"dbMES_PokeYoke_Trace.ControlData.Standby1[28]","DB1001,BYTE481",Byte,1,R/W,100,,,,,,,,,,"sure finish at 438",
"dbMES_PokeYoke_Trace.ControlData.Standby1[29]","DB1001,BYTE482",Byte,1,R/W,100,,,,,,,,,,"sure finish at 438",
"dbMES_PokeYoke_Trace.ControlData.Standby1[3]","DB1001,BYTE456",Byte,1,R/W,100,,,,,,,,,,"sure finish at 438",
"dbMES_PokeYoke_Trace.ControlData.Standby1[30]","DB1001,BYTE483",Byte,1,R/W,100,,,,,,,,,,"sure finish at 438",
"dbMES_PokeYoke_Trace.ControlData.Standby1[31]","DB1001,BYTE484",Byte,1,R/W,100,,,,,,,,,,"sure finish at 438",
"dbMES_PokeYoke_Trace.ControlData.Standby1[32]","DB1001,BYTE485",Byte,1,R/W,100,,,,,,,,,,"sure finish at 438",
"dbMES_PokeYoke_Trace.ControlData.Standby1[33]","DB1001,BYTE486",Byte,1,R/W,100,,,,,,,,,,"sure finish at 438",
"dbMES_PokeYoke_Trace.ControlData.Standby1[34]","DB1001,BYTE487",Byte,1,R/W,100,,,,,,,,,,"sure finish at 438",
"dbMES_PokeYoke_Trace.ControlData.Standby1[35]","DB1001,BYTE488",Byte,1,R/W,100,,,,,,,,,,"sure finish at 438",
"dbMES_PokeYoke_Trace.ControlData.Standby1[36]","DB1001,BYTE489",Byte,1,R/W,100,,,,,,,,,,"sure finish at 438",
"dbMES_PokeYoke_Trace.ControlData.Standby1[37]","DB1001,BYTE490",Byte,1,R/W,100,,,,,,,,,,"sure finish at 438",
"dbMES_PokeYoke_Trace.ControlData.Standby1[38]","DB1001,BYTE491",Byte,1,R/W,100,,,,,,,,,,"sure finish at 438",
"dbMES_PokeYoke_Trace.ControlData.Standby1[39]","DB1001,BYTE492",Byte,1,R/W,100,,,,,,,,,,"sure finish at 438",
"dbMES_PokeYoke_Trace.ControlData.Standby1[4]","DB1001,BYTE457",Byte,1,R/W,100,,,,,,,,,,"sure finish at 438",
"dbMES_PokeYoke_Trace.ControlData.Standby1[40]","DB1001,BYTE493",Byte,1,R/W,100,,,,,,,,,,"sure finish at 438",
"dbMES_PokeYoke_Trace.ControlData.Standby1[41]","DB1001,BYTE494",Byte,1,R/W,100,,,,,,,,,,"sure finish at 438",
"dbMES_PokeYoke_Trace.ControlData.Standby1[42]","DB1001,BYTE495",Byte,1,R/W,100,,,,,,,,,,"sure finish at 438",
"dbMES_PokeYoke_Trace.ControlData.Standby1[43]","DB1001,BYTE496",Byte,1,R/W,100,,,,,,,,,,"sure finish at 438",
"dbMES_PokeYoke_Trace.ControlData.Standby1[44]","DB1001,BYTE497",Byte,1,R/W,100,,,,,,,,,,"sure finish at 438",
"dbMES_PokeYoke_Trace.ControlData.Standby1[45]","DB1001,BYTE498",Byte,1,R/W,100,,,,,,,,,,"sure finish at 438",
"dbMES_PokeYoke_Trace.ControlData.Standby1[46]","DB1001,BYTE499",Byte,1,R/W,100,,,,,,,,,,"sure finish at 438",
"dbMES_PokeYoke_Trace.ControlData.Standby1[5]","DB1001,BYTE458",Byte,1,R/W,100,,,,,,,,,,"sure finish at 438",
"dbMES_PokeYoke_Trace.ControlData.Standby1[6]","DB1001,BYTE459",Byte,1,R/W,100,,,,,,,,,,"sure finish at 438",
"dbMES_PokeYoke_Trace.ControlData.Standby1[7]","DB1001,BYTE460",Byte,1,R/W,100,,,,,,,,,,"sure finish at 438",
"dbMES_PokeYoke_Trace.ControlData.Standby1[8]","DB1001,BYTE461",Byte,1,R/W,100,,,,,,,,,,"sure finish at 438",
"dbMES_PokeYoke_Trace.ControlData.Standby1[9]","DB1001,BYTE462",Byte,1,R/W,100,,,,,,,,,,"sure finish at 438",
"dbMES_PokeYoke_Trace.HEAD.Data_inteface_ver","DB1001,REAL6",Float,1,R/W,100,,,,,,,,,,"The MES_DATA_INTERFACE DB version",
"dbMES_PokeYoke_Trace.HEAD.DB_MARK","DB1001,STRING0.3",String,1,R/W,100,,,,,,,,,,"The mark of the MES_DATA_INTERFACE DB",
"dbMES_PokeYoke_Trace.Trace_data.para.Actual_Air_Gas_ratio","DB1001,REAL648",Float,1,R/W,100,,,,,,,,,,"",
"dbMES_PokeYoke_Trace.Trace_data.para.Air_Acc_flow","DB1001,REAL708",Float,1,R/W,100,,,,,,,,,,"",
"dbMES_PokeYoke_Trace.Trace_data.para.Air_flowB4IgniteOut","DB1001,INT720",Short,1,R/W,100,,,,,,,,,,"",
"dbMES_PokeYoke_Trace.Trace_data.para.Air_flowOutB4Ignite","DB1001,REAL716",Float,1,R/W,100,,,,,,,,,,"",
"dbMES_PokeYoke_Trace.Trace_data.para.Air_NG_Ratio_Hi_AL_Set","DB1001,REAL652",Float,1,R/W,100,,,,,,,,,,"",
"dbMES_PokeYoke_Trace.Trace_data.para.Air_NG_Ratio_Lo_AL_Set","DB1001,REAL656",Float,1,R/W,100,,,,,,,,,,"",
"dbMES_PokeYoke_Trace.Trace_data.para.Comb_air_Flow","DB1001,REAL608",Float,1,R/W,100,,,,,,,,,,"",
"dbMES_PokeYoke_Trace.Trace_data.para.Comb_air_hi_Al_set","DB1001,REAL624",Float,1,R/W,100,,,,,,,,,,"",
"dbMES_PokeYoke_Trace.Trace_data.para.Comb_air_lo_AL_set","DB1001,REAL628",Float,1,R/W,100,,,,,,,,,,"",
"dbMES_PokeYoke_Trace.Trace_data.para.comb_Air_Pressure","DB1001,REAL600",Float,1,R/W,100,,,,,,,,,,"",
"dbMES_PokeYoke_Trace.Trace_data.para.main_flame_air_out","DB1001,REAL684",Float,1,R/W,100,,,,,,,,,,"",
"dbMES_PokeYoke_Trace.Trace_data.para.main_flame_NG_set","DB1001,REAL660",Float,1,R/W,100,,,,,,,,,,"",
"dbMES_PokeYoke_Trace.Trace_data.para.main_flame_ratio_set","DB1001,REAL672",Float,1,R/W,100,,,,,,,,,,"",
"dbMES_PokeYoke_Trace.Trace_data.para.MainflameAir_outMemo","DB1001,INT706",Short,1,R/W,100,,,,,,,,,,"",
"dbMES_PokeYoke_Trace.Trace_data.para.MainflameNG_outMemo","DB1001,INT704",Short,1,R/W,100,,,,,,,,,,"",
"dbMES_PokeYoke_Trace.Trace_data.para.Middle_flame_air_out","DB1001,REAL688",Float,1,R/W,100,,,,,,,,,,"",
"dbMES_PokeYoke_Trace.Trace_data.para.Middle_Flame_NG_set","DB1001,REAL664",Float,1,R/W,100,,,,,,,,,,"",
"dbMES_PokeYoke_Trace.Trace_data.para.Middle_flame_ratio_set","DB1001,REAL676",Float,1,R/W,100,,,,,,,,,,"",
"dbMES_PokeYoke_Trace.Trace_data.para.MidflameAir_outMemo","DB1001,INT702",Short,1,R/W,100,,,,,,,,,,"",
"dbMES_PokeYoke_Trace.Trace_data.para.MidflameNG_outMemo","DB1001,INT700",Short,1,R/W,100,,,,,,,,,,"",
"dbMES_PokeYoke_Trace.Trace_data.para.Mix_gas_press_Hi_Al_set","DB1001,REAL640",Float,1,R/W,100,,,,,,,,,,"",
"dbMES_PokeYoke_Trace.Trace_data.para.Mix_Gas_pressure","DB1001,REAL616",Float,1,R/W,100,,,,,,,,,,"",
"dbMES_PokeYoke_Trace.Trace_data.para.Mix_gas_Temp","DB1001,REAL620",Float,1,R/W,100,,,,,,,,,,"",
"dbMES_PokeYoke_Trace.Trace_data.para.Mix_gas_temp_Hi_Al_set","DB1001,REAL644",Float,1,R/W,100,,,,,,,,,,"",
"dbMES_PokeYoke_Trace.Trace_data.para.NG_Acc_flow","DB1001,REAL712",Float,1,R/W,100,,,,,,,,,,"",
"dbMES_PokeYoke_Trace.Trace_data.para.NG_flow","DB1001,REAL612",Float,1,R/W,100,,,,,,,,,,"",
"dbMES_PokeYoke_Trace.Trace_data.para.NG_gas_hi_Al_set","DB1001,REAL632",Float,1,R/W,100,,,,,,,,,,"",
"dbMES_PokeYoke_Trace.Trace_data.para.NG_gas_Lo_Al_set","DB1001,REAL636",Float,1,R/W,100,,,,,,,,,,"",
"dbMES_PokeYoke_Trace.Trace_data.para.NG_Pressure","DB1001,REAL604",Float,1,R/W,100,,,,,,,,,,"",
"dbMES_PokeYoke_Trace.Trace_data.para.Pilot_flame_air_out","DB1001,REAL692",Float,1,R/W,100,,,,,,,,,,"",
"dbMES_PokeYoke_Trace.Trace_data.para.Pilot_Flame_NG_set","DB1001,REAL668",Float,1,R/W,100,,,,,,,,,,"",
"dbMES_PokeYoke_Trace.Trace_data.para.Pilot_flame_ratio_set","DB1001,REAL680",Float,1,R/W,100,,,,,,,,,,"",
"dbMES_PokeYoke_Trace.Trace_data.para.PilotflameAir_outMemo","DB1001,INT698",Short,1,R/W,100,,,,,,,,,,"",
"dbMES_PokeYoke_Trace.Trace_data.para.PilotflameNG_outMemo","DB1001,INT696",Short,1,R/W,100,,,,,,,,,,"",
"dbMES_PokeYoke_Trace.Trace_data.para.Product_date","DB1001,DT500",String,1,RO,100,,,,,,,,,,"",
"dbMES_PokeYoke_Trace.Trace_data.para.sBarcode01","DB1001,STRING532.32",String,1,R/W,100,,,,,,,,,,"",
"dbMES_PokeYoke_Trace.Trace_data.para.sBarcode02","DB1001,STRING566.32",String,1,R/W,100,,,,,,,,,,"",
"dbMES_PokeYoke_Trace.Trace_data.para.sMachine_ID","DB1001,STRING508.10",String,1,R/W,100,,,,,,,,,,"",
"dbMES_PokeYoke_Trace.Trace_data.para.sStaff_ID1","DB1001,STRING520.10",String,1,R/W,100,,,,,,,,,,"",
"dbMES_PokeYoke_Trace2.ControlData.Barcode01","DB1002,STRING10.30",String,1,R/W,100,,,,,,,,,,"for part",
"dbMES_PokeYoke_Trace2.ControlData.Barcode02","DB1002,STRING42.30",String,1,R/W,100,,,,,,,,,,"for part",
"dbMES_PokeYoke_Trace2.ControlData.Barcode03","DB1002,STRING74.30",String,1,R/W,100,,,,,,,,,,"for part",
"dbMES_PokeYoke_Trace2.ControlData.Barcode04","DB1002,STRING106.30",String,1,R/W,100,,,,,,,,,,"for part",
"dbMES_PokeYoke_Trace2.ControlData.Barcode05","DB1002,STRING138.30",String,1,R/W,100,,,,,,,,,,"for part",
"dbMES_PokeYoke_Trace2.ControlData.Barcode06","DB1002,STRING170.30",String,1,R/W,100,,,,,,,,,,"for part",
"dbMES_PokeYoke_Trace2.ControlData.Barcode07","DB1002,STRING202.30",String,1,R/W,100,,,,,,,,,,"Only for material",
"dbMES_PokeYoke_Trace2.ControlData.Barcode08","DB1002,STRING234.30",String,1,R/W,100,,,,,,,,,,"Only for material",
"dbMES_PokeYoke_Trace2.ControlData.Barcode09","DB1002,STRING266.30",String,1,R/W,100,,,,,,,,,,"Only for material",
"dbMES_PokeYoke_Trace2.ControlData.Barcode10","DB1002,STRING298.30",String,1,R/W,100,,,,,,,,,,"return barocde",
"dbMES_PokeYoke_Trace2.ControlData.boMes_ACK","DB1002,X348.2",Boolean,1,R/W,100,,,,,,,,,,"",
"dbMES_PokeYoke_Trace2.ControlData.boPart_NOK","DB1002,X348.3",Boolean,1,R/W,100,,,,,,,,,,"",
"dbMES_PokeYoke_Trace2.ControlData.boPart_OK","DB1002,X348.0",Boolean,1,R/W,100,,,,,,,,,,"",
"dbMES_PokeYoke_Trace2.ControlData.boProduct_Finish","DB1002,X348.1",Boolean,1,R/W,100,,,,,,,,,,"",
"dbMES_PokeYoke_Trace2.ControlData.boRelease","DB1002,X338.0",Boolean,1,R/W,100,,,,,,,,,,"",
"dbMES_PokeYoke_Trace2.ControlData.boRequest","DB1002,X330.0",Boolean,1,R/W,100,,,,,,,,,,"Request for Trigger MES check barcode",
"dbMES_PokeYoke_Trace2.ControlData.iCavity","DB1002,INT336",Short,1,R/W,100,,,,,,,,,,"",
"dbMES_PokeYoke_Trace2.ControlData.iMes_Step","DB1002,INT452",Short,1,R/W,100,,,,,,,,,,"",
"dbMES_PokeYoke_Trace2.ControlData.iMes_Variant","DB1002,INT340",Short,1,R/W,100,,,,,,,,,,"MES Feed back finial program number",
"dbMES_PokeYoke_Trace2.ControlData.iNOKCause","DB1002,INT346",Short,1,R/W,100,,,,,,,,,,"NOK Cause",
"dbMES_PokeYoke_Trace2.ControlData.iProcessStatus","DB1002,INT344",Short,1,R/W,100,,,,,,,,,,"part result flag",
"dbMES_PokeYoke_Trace2.ControlData.iStatus","DB1002,INT342",Short,1,R/W,100,,,,,,,,,,"MES feed back MES barcode check result",
"dbMES_PokeYoke_Trace2.ControlData.iToolNO","DB1002,INT334",Short,1,R/W,100,,,,,,,,,,"",
"dbMES_PokeYoke_Trace2.ControlData.iVariant","DB1002,INT332",Short,1,R/W,100,,,,,,,,,,"",
"dbMES_PokeYoke_Trace2.ControlData.sError_message","DB1002,STRING350.100",String,1,R/W,100,,,,,,,,,,"",
"dbMES_PokeYoke_Trace2.ControlData.Standby1","DB1002,BYTE454[46]",Byte Array,1,R/W,100,,,,,,,,,,"sure finish at 438",
"dbMES_PokeYoke_Trace2.ControlData.Standby1[1]","DB1002,BYTE454",Byte,1,R/W,100,,,,,,,,,,"sure finish at 438",
"dbMES_PokeYoke_Trace2.ControlData.Standby1[10]","DB1002,BYTE463",Byte,1,R/W,100,,,,,,,,,,"sure finish at 438",
"dbMES_PokeYoke_Trace2.ControlData.Standby1[11]","DB1002,BYTE464",Byte,1,R/W,100,,,,,,,,,,"sure finish at 438",
"dbMES_PokeYoke_Trace2.ControlData.Standby1[12]","DB1002,BYTE465",Byte,1,R/W,100,,,,,,,,,,"sure finish at 438",
"dbMES_PokeYoke_Trace2.ControlData.Standby1[13]","DB1002,BYTE466",Byte,1,R/W,100,,,,,,,,,,"sure finish at 438",
"dbMES_PokeYoke_Trace2.ControlData.Standby1[14]","DB1002,BYTE467",Byte,1,R/W,100,,,,,,,,,,"sure finish at 438",
"dbMES_PokeYoke_Trace2.ControlData.Standby1[15]","DB1002,BYTE468",Byte,1,R/W,100,,,,,,,,,,"sure finish at 438",
"dbMES_PokeYoke_Trace2.ControlData.Standby1[16]","DB1002,BYTE469",Byte,1,R/W,100,,,,,,,,,,"sure finish at 438",
"dbMES_PokeYoke_Trace2.ControlData.Standby1[17]","DB1002,BYTE470",Byte,1,R/W,100,,,,,,,,,,"sure finish at 438",
"dbMES_PokeYoke_Trace2.ControlData.Standby1[18]","DB1002,BYTE471",Byte,1,R/W,100,,,,,,,,,,"sure finish at 438",
"dbMES_PokeYoke_Trace2.ControlData.Standby1[19]","DB1002,BYTE472",Byte,1,R/W,100,,,,,,,,,,"sure finish at 438",
"dbMES_PokeYoke_Trace2.ControlData.Standby1[2]","DB1002,BYTE455",Byte,1,R/W,100,,,,,,,,,,"sure finish at 438",
"dbMES_PokeYoke_Trace2.ControlData.Standby1[20]","DB1002,BYTE473",Byte,1,R/W,100,,,,,,,,,,"sure finish at 438",
"dbMES_PokeYoke_Trace2.ControlData.Standby1[21]","DB1002,BYTE474",Byte,1,R/W,100,,,,,,,,,,"sure finish at 438",
"dbMES_PokeYoke_Trace2.ControlData.Standby1[22]","DB1002,BYTE475",Byte,1,R/W,100,,,,,,,,,,"sure finish at 438",
"dbMES_PokeYoke_Trace2.ControlData.Standby1[23]","DB1002,BYTE476",Byte,1,R/W,100,,,,,,,,,,"sure finish at 438",
"dbMES_PokeYoke_Trace2.ControlData.Standby1[24]","DB1002,BYTE477",Byte,1,R/W,100,,,,,,,,,,"sure finish at 438",
"dbMES_PokeYoke_Trace2.ControlData.Standby1[25]","DB1002,BYTE478",Byte,1,R/W,100,,,,,,,,,,"sure finish at 438",
"dbMES_PokeYoke_Trace2.ControlData.Standby1[26]","DB1002,BYTE479",Byte,1,R/W,100,,,,,,,,,,"sure finish at 438",
"dbMES_PokeYoke_Trace2.ControlData.Standby1[27]","DB1002,BYTE480",Byte,1,R/W,100,,,,,,,,,,"sure finish at 438",
"dbMES_PokeYoke_Trace2.ControlData.Standby1[28]","DB1002,BYTE481",Byte,1,R/W,100,,,,,,,,,,"sure finish at 438",
"dbMES_PokeYoke_Trace2.ControlData.Standby1[29]","DB1002,BYTE482",Byte,1,R/W,100,,,,,,,,,,"sure finish at 438",
"dbMES_PokeYoke_Trace2.ControlData.Standby1[3]","DB1002,BYTE456",Byte,1,R/W,100,,,,,,,,,,"sure finish at 438",
"dbMES_PokeYoke_Trace2.ControlData.Standby1[30]","DB1002,BYTE483",Byte,1,R/W,100,,,,,,,,,,"sure finish at 438",
"dbMES_PokeYoke_Trace2.ControlData.Standby1[31]","DB1002,BYTE484",Byte,1,R/W,100,,,,,,,,,,"sure finish at 438",
"dbMES_PokeYoke_Trace2.ControlData.Standby1[32]","DB1002,BYTE485",Byte,1,R/W,100,,,,,,,,,,"sure finish at 438",
"dbMES_PokeYoke_Trace2.ControlData.Standby1[33]","DB1002,BYTE486",Byte,1,R/W,100,,,,,,,,,,"sure finish at 438",
"dbMES_PokeYoke_Trace2.ControlData.Standby1[34]","DB1002,BYTE487",Byte,1,R/W,100,,,,,,,,,,"sure finish at 438",
"dbMES_PokeYoke_Trace2.ControlData.Standby1[35]","DB1002,BYTE488",Byte,1,R/W,100,,,,,,,,,,"sure finish at 438",
"dbMES_PokeYoke_Trace2.ControlData.Standby1[36]","DB1002,BYTE489",Byte,1,R/W,100,,,,,,,,,,"sure finish at 438",
"dbMES_PokeYoke_Trace2.ControlData.Standby1[37]","DB1002,BYTE490",Byte,1,R/W,100,,,,,,,,,,"sure finish at 438",
"dbMES_PokeYoke_Trace2.ControlData.Standby1[38]","DB1002,BYTE491",Byte,1,R/W,100,,,,,,,,,,"sure finish at 438",
"dbMES_PokeYoke_Trace2.ControlData.Standby1[39]","DB1002,BYTE492",Byte,1,R/W,100,,,,,,,,,,"sure finish at 438",
"dbMES_PokeYoke_Trace2.ControlData.Standby1[4]","DB1002,BYTE457",Byte,1,R/W,100,,,,,,,,,,"sure finish at 438",
"dbMES_PokeYoke_Trace2.ControlData.Standby1[40]","DB1002,BYTE493",Byte,1,R/W,100,,,,,,,,,,"sure finish at 438",
"dbMES_PokeYoke_Trace2.ControlData.Standby1[41]","DB1002,BYTE494",Byte,1,R/W,100,,,,,,,,,,"sure finish at 438",
"dbMES_PokeYoke_Trace2.ControlData.Standby1[42]","DB1002,BYTE495",Byte,1,R/W,100,,,,,,,,,,"sure finish at 438",
"dbMES_PokeYoke_Trace2.ControlData.Standby1[43]","DB1002,BYTE496",Byte,1,R/W,100,,,,,,,,,,"sure finish at 438",
"dbMES_PokeYoke_Trace2.ControlData.Standby1[44]","DB1002,BYTE497",Byte,1,R/W,100,,,,,,,,,,"sure finish at 438",
"dbMES_PokeYoke_Trace2.ControlData.Standby1[45]","DB1002,BYTE498",Byte,1,R/W,100,,,,,,,,,,"sure finish at 438",
"dbMES_PokeYoke_Trace2.ControlData.Standby1[46]","DB1002,BYTE499",Byte,1,R/W,100,,,,,,,,,,"sure finish at 438",
"dbMES_PokeYoke_Trace2.ControlData.Standby1[5]","DB1002,BYTE458",Byte,1,R/W,100,,,,,,,,,,"sure finish at 438",
"dbMES_PokeYoke_Trace2.ControlData.Standby1[6]","DB1002,BYTE459",Byte,1,R/W,100,,,,,,,,,,"sure finish at 438",
"dbMES_PokeYoke_Trace2.ControlData.Standby1[7]","DB1002,BYTE460",Byte,1,R/W,100,,,,,,,,,,"sure finish at 438",
"dbMES_PokeYoke_Trace2.ControlData.Standby1[8]","DB1002,BYTE461",Byte,1,R/W,100,,,,,,,,,,"sure finish at 438",
"dbMES_PokeYoke_Trace2.ControlData.Standby1[9]","DB1002,BYTE462",Byte,1,R/W,100,,,,,,,,,,"sure finish at 438",
"dbMES_PokeYoke_Trace2.HEAD.Data_inteface_ver","DB1002,REAL6",Float,1,R/W,100,,,,,,,,,,"The MES_DATA_INTERFACE DB version",
"dbMES_PokeYoke_Trace2.HEAD.DB_MARK","DB1002,STRING0.3",String,1,R/W,100,,,,,,,,,,"The mark of the MES_DATA_INTERFACE DB",
"dbMES_PokeYoke_Trace2.Trace_data.para.Actual_Air_Gas_ratio","DB1002,REAL648",Float,1,R/W,100,,,,,,,,,,"",
"dbMES_PokeYoke_Trace2.Trace_data.para.Air_Acc_flow","DB1002,REAL708",Float,1,R/W,100,,,,,,,,,,"",
"dbMES_PokeYoke_Trace2.Trace_data.para.Air_flowB4IgniteOut","DB1002,INT720",Short,1,R/W,100,,,,,,,,,,"",
"dbMES_PokeYoke_Trace2.Trace_data.para.Air_flowOutB4Ignite","DB1002,REAL716",Float,1,R/W,100,,,,,,,,,,"",
"dbMES_PokeYoke_Trace2.Trace_data.para.Air_NG_Ratio_Hi_AL_Set","DB1002,REAL652",Float,1,R/W,100,,,,,,,,,,"",
"dbMES_PokeYoke_Trace2.Trace_data.para.Air_NG_Ratio_Lo_AL_Set","DB1002,REAL656",Float,1,R/W,100,,,,,,,,,,"",
"dbMES_PokeYoke_Trace2.Trace_data.para.Comb_air_Flow","DB1002,REAL608",Float,1,R/W,100,,,,,,,,,,"",
"dbMES_PokeYoke_Trace2.Trace_data.para.Comb_air_hi_Al_set","DB1002,REAL624",Float,1,R/W,100,,,,,,,,,,"",
"dbMES_PokeYoke_Trace2.Trace_data.para.Comb_air_lo_AL_set","DB1002,REAL628",Float,1,R/W,100,,,,,,,,,,"",
"dbMES_PokeYoke_Trace2.Trace_data.para.comb_Air_Pressure","DB1002,REAL600",Float,1,R/W,100,,,,,,,,,,"",
"dbMES_PokeYoke_Trace2.Trace_data.para.main_flame_air_out","DB1002,REAL684",Float,1,R/W,100,,,,,,,,,,"",
"dbMES_PokeYoke_Trace2.Trace_data.para.main_flame_NG_set","DB1002,REAL660",Float,1,R/W,100,,,,,,,,,,"",
"dbMES_PokeYoke_Trace2.Trace_data.para.main_flame_ratio_set","DB1002,REAL672",Float,1,R/W,100,,,,,,,,,,"",
"dbMES_PokeYoke_Trace2.Trace_data.para.MainflameAir_outMemo","DB1002,INT706",Short,1,R/W,100,,,,,,,,,,"",
"dbMES_PokeYoke_Trace2.Trace_data.para.MainflameNG_outMemo","DB1002,INT704",Short,1,R/W,100,,,,,,,,,,"",
"dbMES_PokeYoke_Trace2.Trace_data.para.Middle_flame_air_out","DB1002,REAL688",Float,1,R/W,100,,,,,,,,,,"",
"dbMES_PokeYoke_Trace2.Trace_data.para.Middle_Flame_NG_set","DB1002,REAL664",Float,1,R/W,100,,,,,,,,,,"",
"dbMES_PokeYoke_Trace2.Trace_data.para.Middle_flame_ratio_set","DB1002,REAL676",Float,1,R/W,100,,,,,,,,,,"",
"dbMES_PokeYoke_Trace2.Trace_data.para.MidflameAir_outMemo","DB1002,INT702",Short,1,R/W,100,,,,,,,,,,"",
"dbMES_PokeYoke_Trace2.Trace_data.para.MidflameNG_outMemo","DB1002,INT700",Short,1,R/W,100,,,,,,,,,,"",
"dbMES_PokeYoke_Trace2.Trace_data.para.Mix_gas_press_Hi_Al_set","DB1002,REAL640",Float,1,R/W,100,,,,,,,,,,"",
"dbMES_PokeYoke_Trace2.Trace_data.para.Mix_Gas_pressure","DB1002,REAL616",Float,1,R/W,100,,,,,,,,,,"",
"dbMES_PokeYoke_Trace2.Trace_data.para.Mix_gas_Temp","DB1002,REAL620",Float,1,R/W,100,,,,,,,,,,"",
"dbMES_PokeYoke_Trace2.Trace_data.para.Mix_gas_temp_Hi_Al_set","DB1002,REAL644",Float,1,R/W,100,,,,,,,,,,"",
"dbMES_PokeYoke_Trace2.Trace_data.para.NG_Acc_flow","DB1002,REAL712",Float,1,R/W,100,,,,,,,,,,"",
"dbMES_PokeYoke_Trace2.Trace_data.para.NG_flow","DB1002,REAL612",Float,1,R/W,100,,,,,,,,,,"",
"dbMES_PokeYoke_Trace2.Trace_data.para.NG_gas_hi_Al_set","DB1002,REAL632",Float,1,R/W,100,,,,,,,,,,"",
"dbMES_PokeYoke_Trace2.Trace_data.para.NG_gas_Lo_Al_set","DB1002,REAL636",Float,1,R/W,100,,,,,,,,,,"",
"dbMES_PokeYoke_Trace2.Trace_data.para.NG_Pressure","DB1002,REAL604",Float,1,R/W,100,,,,,,,,,,"",
"dbMES_PokeYoke_Trace2.Trace_data.para.Pilot_flame_air_out","DB1002,REAL692",Float,1,R/W,100,,,,,,,,,,"",
"dbMES_PokeYoke_Trace2.Trace_data.para.Pilot_Flame_NG_set","DB1002,REAL668",Float,1,R/W,100,,,,,,,,,,"",
"dbMES_PokeYoke_Trace2.Trace_data.para.Pilot_flame_ratio_set","DB1002,REAL680",Float,1,R/W,100,,,,,,,,,,"",
"dbMES_PokeYoke_Trace2.Trace_data.para.PilotflameAir_outMemo","DB1002,INT698",Short,1,R/W,100,,,,,,,,,,"",
"dbMES_PokeYoke_Trace2.Trace_data.para.PilotflameNG_outMemo","DB1002,INT696",Short,1,R/W,100,,,,,,,,,,"",
"dbMES_PokeYoke_Trace2.Trace_data.para.Product_date","DB1002,DT500",String,1,RO,100,,,,,,,,,,"",
"dbMES_PokeYoke_Trace2.Trace_data.para.sBarcode01","DB1002,STRING532.32",String,1,R/W,100,,,,,,,,,,"",
"dbMES_PokeYoke_Trace2.Trace_data.para.sBarcode02","DB1002,STRING566.32",String,1,R/W,100,,,,,,,,,,"",
"dbMES_PokeYoke_Trace2.Trace_data.para.sMachine_ID","DB1002,STRING508.10",String,1,R/W,100,,,,,,,,,,"",
"dbMES_PokeYoke_Trace2.Trace_data.para.sStaff_ID1","DB1002,STRING520.10",String,1,R/W,100,,,,,,,,,,"",
"MESDB_Machine_Control.DB_Body.Andon.boAndon_need_author","DB1000,X344.0",Boolean,1,R/W,100,,,,,,,,,,"setting: set/reset andon need authorization",
"MESDB_Machine_Control.DB_Body.Andon.boAndon_need_code","DB1000,X344.1",Boolean,1,R/W,100,,,,,,,,,,"setting: set/reset andon need failure/problem/material code",
"MESDB_Machine_Control.DB_Body.Andon.boSupport_Andon","DB1000,X344.2",Boolean,1,R/W,100,,,,,,,,,,"setting: If the system use Andon",
"MESDB_Machine_Control.DB_Body.Andon.iAndon_automatic","DB1000,INT250",Short,1,R/W,100,,,,,,,,,,"The machine uses it for automatic alarm (eg. Over temperature)",
"MESDB_Machine_Control.DB_Body.Andon.iAndon_equipment","DB1000,INT152",Short,1,R/W,100,,,,,,,,,,"Equipment Andon status. 0=Reset; 1=Require; 2=Acknowledge",
"MESDB_Machine_Control.DB_Body.Andon.iAndon_group_leader","DB1000,INT208",Short,1,R/W,100,,,,,,,,,,"Call group leader. 0=Reset; 1=Require;",
"MESDB_Machine_Control.DB_Body.Andon.iAndon_IT","DB1000,INT222",Short,1,R/W,100,,,,,,,,,,"Call IT staffer. 0=Reset; 1=Require;",
"MESDB_Machine_Control.DB_Body.Andon.iAndon_logistics","DB1000,INT194",Short,1,R/W,100,,,,,,,,,,"Logistics Andon status. 0=Reset; 1=Require; 2=Acknowledge",
"MESDB_Machine_Control.DB_Body.Andon.iAndon_mould","DB1000,INT166",Short,1,R/W,100,,,,,,,,,,"Mould Andon status. 0=Reset; 1=Require; 2=Acknowledge",
"MESDB_Machine_Control.DB_Body.Andon.iAndon_process","DB1000,INT180",Short,1,R/W,100,,,,,,,,,,"Process Andon status. 0=Reset; 1=Require; 2=Acknowledge",
"MESDB_Machine_Control.DB_Body.Andon.iAndon_SQE","DB1000,INT236",Short,1,R/W,100,,,,,,,,,,"Call SQE staffer. 0=Reset; 1=Require;",
"MESDB_Machine_Control.DB_Body.Andon.Reserved","DB1000,BYTE346[9]",Byte Array,1,R/W,100,,,,,,,,,,"",
"MESDB_Machine_Control.DB_Body.Andon.Reserved[0]","DB1000,BYTE346",Byte,1,R/W,100,,,,,,,,,,"",
"MESDB_Machine_Control.DB_Body.Andon.Reserved[1]","DB1000,BYTE347",Byte,1,R/W,100,,,,,,,,,,"",
"MESDB_Machine_Control.DB_Body.Andon.Reserved[2]","DB1000,BYTE348",Byte,1,R/W,100,,,,,,,,,,"",
"MESDB_Machine_Control.DB_Body.Andon.Reserved[3]","DB1000,BYTE349",Byte,1,R/W,100,,,,,,,,,,"",
"MESDB_Machine_Control.DB_Body.Andon.Reserved[4]","DB1000,BYTE350",Byte,1,R/W,100,,,,,,,,,,"",
"MESDB_Machine_Control.DB_Body.Andon.Reserved[5]","DB1000,BYTE351",Byte,1,R/W,100,,,,,,,,,,"",
"MESDB_Machine_Control.DB_Body.Andon.Reserved[6]","DB1000,BYTE352",Byte,1,R/W,100,,,,,,,,,,"",
"MESDB_Machine_Control.DB_Body.Andon.Reserved[7]","DB1000,BYTE353",Byte,1,R/W,100,,,,,,,,,,"",
"MESDB_Machine_Control.DB_Body.Andon.Reserved[8]","DB1000,BYTE354",Byte,1,R/W,100,,,,,,,,,,"",
"MESDB_Machine_Control.DB_Body.Andon.sAuto_alarm_code","DB1000,STRING252.10",String,1,R/W,100,,,,,,,,,,"Indicate what alarm happen",
"MESDB_Machine_Control.DB_Body.Andon.sEquipment_failure_code","DB1000,STRING154.10",String,1,R/W,100,,,,,,,,,,"Indicate the equipment problem.",
"MESDB_Machine_Control.DB_Body.Andon.sIT_help_code","DB1000,STRING224.10",String,1,R/W,100,,,,,,,,,,"Indicate which help the operator need",
"MESDB_Machine_Control.DB_Body.Andon.sMaterial_code","DB1000,STRING196.10",String,1,R/W,100,,,,,,,,,,"Indicate the required material",
"MESDB_Machine_Control.DB_Body.Andon.sMould_failure_code","DB1000,STRING168.10",String,1,R/W,100,,,,,,,,,,"Indicate the mould problem.",
"MESDB_Machine_Control.DB_Body.Andon.sProblem_code","DB1000,STRING182.10",String,1,R/W,100,,,,,,,,,,"Indicate the process problem.",
"MESDB_Machine_Control.DB_Body.Andon.sSQE_material_code","DB1000,STRING238.10",String,1,R/W,100,,,,,,,,,,"Indicate which material need SQE staff deal with",
"MESDB_Machine_Control.DB_Body.Andon.sTL_help_code","DB1000,STRING210.10",String,1,R/W,100,,,,,,,,,,"Indicate which help the operator need",
"MESDB_Machine_Control.DB_Body.Andon.sTimer_counter.dAndon_equ_time","DB1000,DINT264",Long,1,R/W,100,,,,,,,,,,"",
"MESDB_Machine_Control.DB_Body.Andon.sTimer_counter.dAndon_equ_time_month","DB1000,DINT280",Long,1,R/W,100,,,,,,,,,,"",
"MESDB_Machine_Control.DB_Body.Andon.sTimer_counter.dAndon_log_time","DB1000,DINT276",Long,1,R/W,100,,,,,,,,,,"",
"MESDB_Machine_Control.DB_Body.Andon.sTimer_counter.dAndon_log_time_month","DB1000,DINT292",Long,1,R/W,100,,,,,,,,,,"",
"MESDB_Machine_Control.DB_Body.Andon.sTimer_counter.dAndon_mld_time","DB1000,DINT268",Long,1,R/W,100,,,,,,,,,,"",
"MESDB_Machine_Control.DB_Body.Andon.sTimer_counter.dAndon_mld_time_month","DB1000,DINT284",Long,1,R/W,100,,,,,,,,,,"",
"MESDB_Machine_Control.DB_Body.Andon.sTimer_counter.dAndon_prc_time","DB1000,DINT272",Long,1,R/W,100,,,,,,,,,,"",
"MESDB_Machine_Control.DB_Body.Andon.sTimer_counter.dAndon_prc_time_month","DB1000,DINT288",Long,1,R/W,100,,,,,,,,,,"",
"MESDB_Machine_Control.DB_Body.Andon.sTimer_counter.dtAndon_equ_ack_time","DB1000,DT304",String,1,RO,100,,,,,,,,,,"",
"MESDB_Machine_Control.DB_Body.Andon.sTimer_counter.dtAndon_equ_end_time","DB1000,DT312",String,1,RO,100,,,,,,,,,,"",
"MESDB_Machine_Control.DB_Body.Andon.sTimer_counter.dtAndon_equ_start_time","DB1000,DT296",String,1,RO,100,,,,,,,,,,"",
"MESDB_Machine_Control.DB_Body.Andon.sTimer_counter.dtAndon_mld_ack_time","DB1000,DT328",String,1,RO,100,,,,,,,,,,"",
"MESDB_Machine_Control.DB_Body.Andon.sTimer_counter.dtAndon_mld_end_time","DB1000,DT336",String,1,RO,100,,,,,,,,,,"",
"MESDB_Machine_Control.DB_Body.Andon.sTimer_counter.dtAndon_mld_start_time","DB1000,DT320",String,1,RO,100,,,,,,,,,,"",
"MESDB_Machine_Control.DB_Body.Authorization.iLock_machine","DB1000,INT138",Short,1,R/W,100,,,,,,,,,,"Lock the machine. 1=can't automatic;3=can't manual & Automatic",
"MESDB_Machine_Control.DB_Body.Authorization.iStaff_right_level1","DB1000,INT112",Short,1,R/W,100,,,,,,,,,,"Current operator authorized operation level",
"MESDB_Machine_Control.DB_Body.Authorization.iStaff_right_level2","DB1000,INT136",Short,1,R/W,100,,,,,,,,,,"Reserved",
"MESDB_Machine_Control.DB_Body.Authorization.Reserved","DB1000,BYTE140[11]",Byte Array,1,R/W,100,,,,,,,,,,"",
"MESDB_Machine_Control.DB_Body.Authorization.Reserved[0]","DB1000,BYTE140",Byte,1,R/W,100,,,,,,,,,,"",
"MESDB_Machine_Control.DB_Body.Authorization.Reserved[1]","DB1000,BYTE141",Byte,1,R/W,100,,,,,,,,,,"",
"MESDB_Machine_Control.DB_Body.Authorization.Reserved[10]","DB1000,BYTE150",Byte,1,R/W,100,,,,,,,,,,"",
"MESDB_Machine_Control.DB_Body.Authorization.Reserved[2]","DB1000,BYTE142",Byte,1,R/W,100,,,,,,,,,,"",
"MESDB_Machine_Control.DB_Body.Authorization.Reserved[3]","DB1000,BYTE143",Byte,1,R/W,100,,,,,,,,,,"",
"MESDB_Machine_Control.DB_Body.Authorization.Reserved[4]","DB1000,BYTE144",Byte,1,R/W,100,,,,,,,,,,"",
"MESDB_Machine_Control.DB_Body.Authorization.Reserved[5]","DB1000,BYTE145",Byte,1,R/W,100,,,,,,,,,,"",
"MESDB_Machine_Control.DB_Body.Authorization.Reserved[6]","DB1000,BYTE146",Byte,1,R/W,100,,,,,,,,,,"",
"MESDB_Machine_Control.DB_Body.Authorization.Reserved[7]","DB1000,BYTE147",Byte,1,R/W,100,,,,,,,,,,"",
"MESDB_Machine_Control.DB_Body.Authorization.Reserved[8]","DB1000,BYTE148",Byte,1,R/W,100,,,,,,,,,,"",
"MESDB_Machine_Control.DB_Body.Authorization.Reserved[9]","DB1000,BYTE149",Byte,1,R/W,100,,,,,,,,,,"",
"MESDB_Machine_Control.DB_Body.Authorization.sIC_card_number1","DB1000,STRING100.10",String,1,R/W,100,,,,,,,,,,"Current operator IC card/EKS ID",
"MESDB_Machine_Control.DB_Body.Authorization.sIC_card_number2","DB1000,STRING124.10",String,1,R/W,100,,,,,,,,,,"Reserved",
"MESDB_Machine_Control.DB_Body.Authorization.sStaff_ID1","DB1000,STRING90.8",String,1,R/W,100,,,,,,,,,,"Current operator labor code",
"MESDB_Machine_Control.DB_Body.Authorization.sStaff_ID2","DB1000,STRING114.8",String,1,R/W,100,,,,,,,,,,"Reserved",
"MESDB_Machine_Control.DB_Body.Buffer.boBufferDataReady","DB1000,X356.2",Boolean,1,R/W,100,,,,,,,,,,"Machine has put a data set on the interface for MES",
"MESDB_Machine_Control.DB_Body.Buffer.boBufferReadFinish","DB1000,X356.4",Boolean,1,R/W,100,,,,,,,,,,"MES has read the cache data set which is in the interface",
"MESDB_Machine_Control.DB_Body.Buffer.boIsSupportBuffer","DB1000,X356.0",Boolean,1,R/W,100,,,,,,,,,,"setting: Indicate if the machine support data buffer",
"MESDB_Machine_Control.DB_Body.Buffer.boNoBufferData","DB1000,X356.3",Boolean,1,R/W,100,,,,,,,,,,"No cache data set for MES to read",
"MESDB_Machine_Control.DB_Body.Buffer.boReadBufferRequest","DB1000,X356.1",Boolean,1,R/W,100,,,,,,,,,,"MES request to read a chche data set",
"MESDB_Machine_Control.DB_Body.Buffer.iBufferDataPointer","DB1000,INT366",Short,1,R/W,100,,,,,,,,,,"Indicate where the oldest data set set can read (if 0, no buffer data",
"MESDB_Machine_Control.DB_Body.Buffer.iBufferFreePointer","DB1000,INT364",Short,1,R/W,100,,,,,,,,,,"Indicate where the new data set are in the buffer currently",
"MESDB_Machine_Control.DB_Body.Buffer.iCurrentBufferNumber","DB1000,INT362",Short,1,R/W,100,,,,,,,,,,"Indicate how many data set are in the buffer currently",
"MESDB_Machine_Control.DB_Body.Buffer.iDataset_per_DB","DB1000,INT358",Short,1,R/W,100,,,,,,,,,,"setting: how much datasets per buffer data block",
"MESDB_Machine_Control.DB_Body.Buffer.iMaxBufferDataSet","DB1000,INT360",Short,1,R/W,100,,,,,,,,,,"Indicate how many buffer data set the machine support",
"MESDB_Machine_Control.DB_Body.Buffer.stUploadInterface.Actual_Air_Gas_ratio","DB1000,REAL516",Float,1,R/W,100,,,,,,,,,,"",
"MESDB_Machine_Control.DB_Body.Buffer.stUploadInterface.Air_Acc_flow","DB1000,REAL576",Float,1,R/W,100,,,,,,,,,,"",
"MESDB_Machine_Control.DB_Body.Buffer.stUploadInterface.Air_flowB4IgniteOut","DB1000,INT588",Short,1,R/W,100,,,,,,,,,,"",
"MESDB_Machine_Control.DB_Body.Buffer.stUploadInterface.Air_flowOutB4Ignite","DB1000,REAL584",Float,1,R/W,100,,,,,,,,,,"",
"MESDB_Machine_Control.DB_Body.Buffer.stUploadInterface.Air_NG_Ratio_Hi_AL_Set","DB1000,REAL520",Float,1,R/W,100,,,,,,,,,,"",
"MESDB_Machine_Control.DB_Body.Buffer.stUploadInterface.Air_NG_Ratio_Lo_AL_Set","DB1000,REAL524",Float,1,R/W,100,,,,,,,,,,"",
"MESDB_Machine_Control.DB_Body.Buffer.stUploadInterface.Comb_air_Flow","DB1000,REAL476",Float,1,R/W,100,,,,,,,,,,"",
"MESDB_Machine_Control.DB_Body.Buffer.stUploadInterface.Comb_air_hi_Al_set","DB1000,REAL492",Float,1,R/W,100,,,,,,,,,,"",
"MESDB_Machine_Control.DB_Body.Buffer.stUploadInterface.Comb_air_lo_AL_set","DB1000,REAL496",Float,1,R/W,100,,,,,,,,,,"",
"MESDB_Machine_Control.DB_Body.Buffer.stUploadInterface.comb_Air_Pressure","DB1000,REAL468",Float,1,R/W,100,,,,,,,,,,"",
"MESDB_Machine_Control.DB_Body.Buffer.stUploadInterface.main_flame_air_out","DB1000,REAL552",Float,1,R/W,100,,,,,,,,,,"",
"MESDB_Machine_Control.DB_Body.Buffer.stUploadInterface.main_flame_NG_set","DB1000,REAL528",Float,1,R/W,100,,,,,,,,,,"",
"MESDB_Machine_Control.DB_Body.Buffer.stUploadInterface.main_flame_ratio_set","DB1000,REAL540",Float,1,R/W,100,,,,,,,,,,"",
"MESDB_Machine_Control.DB_Body.Buffer.stUploadInterface.MainflameAir_outMemo","DB1000,INT574",Short,1,R/W,100,,,,,,,,,,"",
"MESDB_Machine_Control.DB_Body.Buffer.stUploadInterface.MainflameNG_outMemo","DB1000,INT572",Short,1,R/W,100,,,,,,,,,,"",
"MESDB_Machine_Control.DB_Body.Buffer.stUploadInterface.Middle_flame_air_out","DB1000,REAL556",Float,1,R/W,100,,,,,,,,,,"",
"MESDB_Machine_Control.DB_Body.Buffer.stUploadInterface.Middle_Flame_NG_set","DB1000,REAL532",Float,1,R/W,100,,,,,,,,,,"",
"MESDB_Machine_Control.DB_Body.Buffer.stUploadInterface.Middle_flame_ratio_set","DB1000,REAL544",Float,1,R/W,100,,,,,,,,,,"",
"MESDB_Machine_Control.DB_Body.Buffer.stUploadInterface.MidflameAir_outMemo","DB1000,INT570",Short,1,R/W,100,,,,,,,,,,"",
"MESDB_Machine_Control.DB_Body.Buffer.stUploadInterface.MidflameNG_outMemo","DB1000,INT568",Short,1,R/W,100,,,,,,,,,,"",
"MESDB_Machine_Control.DB_Body.Buffer.stUploadInterface.Mix_gas_press_Hi_Al_set","DB1000,REAL508",Float,1,R/W,100,,,,,,,,,,"",
"MESDB_Machine_Control.DB_Body.Buffer.stUploadInterface.Mix_Gas_pressure","DB1000,REAL484",Float,1,R/W,100,,,,,,,,,,"",
"MESDB_Machine_Control.DB_Body.Buffer.stUploadInterface.Mix_gas_Temp","DB1000,REAL488",Float,1,R/W,100,,,,,,,,,,"",
"MESDB_Machine_Control.DB_Body.Buffer.stUploadInterface.Mix_gas_temp_Hi_Al_set","DB1000,REAL512",Float,1,R/W,100,,,,,,,,,,"",
"MESDB_Machine_Control.DB_Body.Buffer.stUploadInterface.NG_Acc_flow","DB1000,REAL580",Float,1,R/W,100,,,,,,,,,,"",
"MESDB_Machine_Control.DB_Body.Buffer.stUploadInterface.NG_flow","DB1000,REAL480",Float,1,R/W,100,,,,,,,,,,"",
"MESDB_Machine_Control.DB_Body.Buffer.stUploadInterface.NG_gas_hi_Al_set","DB1000,REAL500",Float,1,R/W,100,,,,,,,,,,"",
"MESDB_Machine_Control.DB_Body.Buffer.stUploadInterface.NG_gas_Lo_Al_set","DB1000,REAL504",Float,1,R/W,100,,,,,,,,,,"",
"MESDB_Machine_Control.DB_Body.Buffer.stUploadInterface.NG_Pressure","DB1000,REAL472",Float,1,R/W,100,,,,,,,,,,"",
"MESDB_Machine_Control.DB_Body.Buffer.stUploadInterface.Pilot_flame_air_out","DB1000,REAL560",Float,1,R/W,100,,,,,,,,,,"",
"MESDB_Machine_Control.DB_Body.Buffer.stUploadInterface.Pilot_Flame_NG_set","DB1000,REAL536",Float,1,R/W,100,,,,,,,,,,"",
"MESDB_Machine_Control.DB_Body.Buffer.stUploadInterface.Pilot_flame_ratio_set","DB1000,REAL548",Float,1,R/W,100,,,,,,,,,,"",
"MESDB_Machine_Control.DB_Body.Buffer.stUploadInterface.PilotflameAir_outMemo","DB1000,INT566",Short,1,R/W,100,,,,,,,,,,"",
"MESDB_Machine_Control.DB_Body.Buffer.stUploadInterface.PilotflameNG_outMemo","DB1000,INT564",Short,1,R/W,100,,,,,,,,,,"",
"MESDB_Machine_Control.DB_Body.Buffer.stUploadInterface.Product_date","DB1000,DT368",String,1,RO,100,,,,,,,,,,"",
"MESDB_Machine_Control.DB_Body.Buffer.stUploadInterface.sBarcode01","DB1000,STRING400.32",String,1,R/W,100,,,,,,,,,,"",
"MESDB_Machine_Control.DB_Body.Buffer.stUploadInterface.sBarcode02","DB1000,STRING434.32",String,1,R/W,100,,,,,,,,,,"",
"MESDB_Machine_Control.DB_Body.Buffer.stUploadInterface.sMachine_ID","DB1000,STRING376.10",String,1,R/W,100,,,,,,,,,,"",
"MESDB_Machine_Control.DB_Body.Buffer.stUploadInterface.sStaff_ID1","DB1000,STRING388.10",String,1,R/W,100,,,,,,,,,,"",
"MESDB_Machine_Control.DB_Body.Machine_Status_Control.boCheck_request","DB1000,X28.0",Boolean,1,R/W,100,,,,,,,,,,"Send a machine & process parameters check request to MES",
"MESDB_Machine_Control.DB_Body.Machine_Status_Control.boCommunication_break","DB1000,X22.3",Boolean,1,R/W,100,,,,,,,,,,"Communication between MES & Machine is broken",
"MESDB_Machine_Control.DB_Body.Machine_Status_Control.boDateTimeSync","DB1000,X22.4",Boolean,1,R/W,100,,,,,,,,,,"Synchronize the PLC datetime with MES",
"MESDB_Machine_Control.DB_Body.Machine_Status_Control.boLocal_MES_Bypass","DB1000,X22.1",Boolean,1,R/W,100,,,,,,,,,,"MES bypass setting on machine side",
"MESDB_Machine_Control.DB_Body.Machine_Status_Control.boRemote_MES_Bypass_blk","DB1000,X22.2",Boolean,1,R/W,100,,,,,,,,,,"MES bypass blocked by MES",
"MESDB_Machine_Control.DB_Body.Machine_Status_Control.boShakehand","DB1000,X22.0",Boolean,1,R/W,100,,,,,,,,,,"Use for communication monitor between MES & Machine;Machine set / MES reset",
"MESDB_Machine_Control.DB_Body.Machine_Status_Control.iCheck_status","DB1000,INT30",Short,1,R/W,100,,,,,,,,,,"Machine & process parameters checking status. 0=Unkonw;1=OK;2=NOK",
"MESDB_Machine_Control.DB_Body.Machine_Status_Control.iCurrent_operate_Mode","DB1000,INT24",Short,1,R/W,100,,,,,,,,,,"Machine current operate mode; 0-shut down,1-manaul,2-semi-automatic,3-automatic",
"MESDB_Machine_Control.DB_Body.Machine_Status_Control.iDown_reason","DB1000,INT26",Short,1,R/W,100,,,,,,,,,,"Indicate why the machine is down. 1.machine failure 2.mould failure ....",
"MESDB_Machine_Control.DB_Body.Machine_Status_Control.Reserved","DB1000,BYTE76[13]",Byte Array,1,R/W,100,,,,,,,,,,"",
"MESDB_Machine_Control.DB_Body.Machine_Status_Control.Reserved[0]","DB1000,BYTE76",Byte,1,R/W,100,,,,,,,,,,"",
"MESDB_Machine_Control.DB_Body.Machine_Status_Control.Reserved[1]","DB1000,BYTE77",Byte,1,R/W,100,,,,,,,,,,"",
"MESDB_Machine_Control.DB_Body.Machine_Status_Control.Reserved[10]","DB1000,BYTE86",Byte,1,R/W,100,,,,,,,,,,"",
"MESDB_Machine_Control.DB_Body.Machine_Status_Control.Reserved[11]","DB1000,BYTE87",Byte,1,R/W,100,,,,,,,,,,"",
"MESDB_Machine_Control.DB_Body.Machine_Status_Control.Reserved[12]","DB1000,BYTE88",Byte,1,R/W,100,,,,,,,,,,"",
"MESDB_Machine_Control.DB_Body.Machine_Status_Control.Reserved[2]","DB1000,BYTE78",Byte,1,R/W,100,,,,,,,,,,"",
"MESDB_Machine_Control.DB_Body.Machine_Status_Control.Reserved[3]","DB1000,BYTE79",Byte,1,R/W,100,,,,,,,,,,"",
"MESDB_Machine_Control.DB_Body.Machine_Status_Control.Reserved[4]","DB1000,BYTE80",Byte,1,R/W,100,,,,,,,,,,"",
"MESDB_Machine_Control.DB_Body.Machine_Status_Control.Reserved[5]","DB1000,BYTE81",Byte,1,R/W,100,,,,,,,,,,"",
"MESDB_Machine_Control.DB_Body.Machine_Status_Control.Reserved[6]","DB1000,BYTE82",Byte,1,R/W,100,,,,,,,,,,"",
"MESDB_Machine_Control.DB_Body.Machine_Status_Control.Reserved[7]","DB1000,BYTE83",Byte,1,R/W,100,,,,,,,,,,"",
"MESDB_Machine_Control.DB_Body.Machine_Status_Control.Reserved[8]","DB1000,BYTE84",Byte,1,R/W,100,,,,,,,,,,"",
"MESDB_Machine_Control.DB_Body.Machine_Status_Control.Reserved[9]","DB1000,BYTE85",Byte,1,R/W,100,,,,,,,,,,"",
"MESDB_Machine_Control.DB_Body.Machine_Status_Control.sMachine_ID","DB1000,STRING10.10",String,1,R/W,100,,,,,,,,,,"Machine ID code  (Given by Yanfeng)",
"MESDB_Machine_Control.DB_Body.Machine_Status_Control.stDateTimeSync.btDay","DB1000,BYTE70",Byte,1,R/W,100,,,,,,,,,,"",
"MESDB_Machine_Control.DB_Body.Machine_Status_Control.stDateTimeSync.btDayOfWeek","DB1000,BYTE75",Byte,1,R/W,100,,,,,,,,,,"",
"MESDB_Machine_Control.DB_Body.Machine_Status_Control.stDateTimeSync.btHour","DB1000,BYTE71",Byte,1,R/W,100,,,,,,,,,,"",
"MESDB_Machine_Control.DB_Body.Machine_Status_Control.stDateTimeSync.btMinute","DB1000,BYTE72",Byte,1,R/W,100,,,,,,,,,,"",
"MESDB_Machine_Control.DB_Body.Machine_Status_Control.stDateTimeSync.btMonth","DB1000,BYTE69",Byte,1,R/W,100,,,,,,,,,,"",
"MESDB_Machine_Control.DB_Body.Machine_Status_Control.stDateTimeSync.btMSec","DB1000,BYTE74",Byte,1,R/W,100,,,,,,,,,,"",
"MESDB_Machine_Control.DB_Body.Machine_Status_Control.stDateTimeSync.btSecond","DB1000,BYTE73",Byte,1,R/W,100,,,,,,,,,,"",
"MESDB_Machine_Control.DB_Body.Machine_Status_Control.stDateTimeSync.btYear","DB1000,BYTE68",Byte,1,R/W,100,,,,,,,,,,"",
"MESDB_Machine_Control.DB_Body.Machine_Status_Control.sTimer_counter.bo1s_Pluse","DB1000,X32.0",Boolean,1,R/W,100,,,,,,,,,,"",
"MESDB_Machine_Control.DB_Body.Machine_Status_Control.sTimer_counter.dAuto_run_time","DB1000,DINT38",Long,1,R/W,100,,,,,,,,,,"",
"MESDB_Machine_Control.DB_Body.Machine_Status_Control.sTimer_counter.dAuto_run_time_month","DB1000,DINT46",Long,1,R/W,100,,,,,,,,,,"",
"MESDB_Machine_Control.DB_Body.Machine_Status_Control.sTimer_counter.dPower_on_time","DB1000,DINT34",Long,1,R/W,100,,,,,,,,,,"..15",
"MESDB_Machine_Control.DB_Body.Machine_Status_Control.sTimer_counter.dPower_on_time_month","DB1000,DINT42",Long,1,R/W,100,,,,,,,,,,"",
"MESDB_Machine_Control.DB_Body.Machine_Status_Control.sTimer_counter.dTotal_product_num","DB1000,DINT52",Long,1,R/W,100,,,,,,,,,,"",
"MESDB_Machine_Control.DB_Body.Machine_Status_Control.sTimer_counter.dTotal_product_num_month","DB1000,DINT60",Long,1,R/W,100,,,,,,,,,,"",
"MESDB_Machine_Control.DB_Body.Machine_Status_Control.sTimer_counter.dTotal_rejrct_num","DB1000,DINT56",Long,1,R/W,100,,,,,,,,,,"",
"MESDB_Machine_Control.DB_Body.Machine_Status_Control.sTimer_counter.dTotal_rejrct_num_month","DB1000,DINT64",Long,1,R/W,100,,,,,,,,,,"",
"MESDB_Machine_Control.DB_Body.Machine_Status_Control.sTimer_counter.iMachine_standby_time","DB1000,INT50",Short,1,R/W,100,,,,,,,,,,"",
"MESDB_Machine_Control.DB_HEAD.Data_inteface_ver","DB1000,REAL6",Float,1,R/W,100,,,,,,,,,,"The MES_DATA_INTERFACE DB version",
"MESDB_Machine_Control.DB_HEAD.DB_MARK","DB1000,STRING0.3",String,1,R/W,100,,,,,,,,,,"The mark of the MES_DATA_INTERFACE DB",
